[{"model": "admin.logentry", "pk": 1, "fields": {"action_time": "2021-09-04T07:26:01.384Z", "user": 1, "content_type": 7, "object_id": "1", "object_repr": "Tea", "action_flag": 1, "change_message": "[{\"added\": {}}]"}}, {"model": "admin.logentry", "pk": 2, "fields": {"action_time": "2021-09-04T07:26:32.553Z", "user": 1, "content_type": 7, "object_id": "2", "object_repr": "Sausage", "action_flag": 1, "change_message": "[{\"added\": {}}]"}}, {"model": "admin.logentry", "pk": 3, "fields": {"action_time": "2021-09-04T07:29:28.049Z", "user": 1, "content_type": 8, "object_id": "1", "object_repr": "Чай зеленый Кертис Деликатэ манго Грин Ти к/у 20п", "action_flag": 1, "change_message": "[{\"added\": {}}]"}}, {"model": "admin.logentry", "pk": 4, "fields": {"action_time": "2021-09-04T07:30:08.002Z", "user": 1, "content_type": 8, "object_id": "2", "object_repr": "Иван-чай Майский с черным чаем и малиной к/у 25п", "action_flag": 1, "change_message": "[{\"added\": {}}]"}}, {"model": "admin.logentry", "pk": 5, "fields": {"action_time": "2021-09-04T07:31:05.019Z", "user": 1, "content_type": 8, "object_id": "3", "object_repr": "Колбаса Сервелат в/к ф/о 375г Мираторг", "action_flag": 1, "change_message": "[{\"added\": {}}]"}}, {"model": "admin.logentry", "pk": 6, "fields": {"action_time": "2021-09-04T08:08:11.616Z", "user": 1, "content_type": 8, "object_id": "4", "object_repr": "Сосиски Молочные высокий стандарт п/а 600г МПК Атяшевский", "action_flag": 1, "change_message": "[{\"added\": {}}]"}}, {"model": "admin.logentry", "pk": 7, "fields": {"action_time": "2021-09-04T08:42:57.246Z", "user": 1, "content_type": 8, "object_id": "2", "object_repr": "Иван-чай Майский с черным чаем и малиной к/у 25п", "action_flag": 2, "change_message": "[{\"changed\": {\"fields\": [\"Image\"]}}]"}}, {"model": "admin.logentry", "pk": 8, "fields": {"action_time": "2021-09-04T08:43:08.478Z", "user": 1, "content_type": 8, "object_id": "3", "object_repr": "Колбаса Сервелат в/к ф/о 375г Мираторг", "action_flag": 2, "change_message": "[{\"changed\": {\"fields\": [\"Image\"]}}]"}}, {"model": "admin.logentry", "pk": 9, "fields": {"action_time": "2021-09-04T08:43:14.394Z", "user": 1, "content_type": 8, "object_id": "1", "object_repr": "Чай зеленый Кертис Деликатэ манго Грин Ти к/у 20п", "action_flag": 2, "change_message": "[{\"changed\": {\"fields\": [\"Image\"]}}]"}}, {"model": "admin.logentry", "pk": 10, "fields": {"action_time": "2021-09-14T14:56:06.615Z", "user": 1, "content_type": 8, "object_id": "5", "object_repr": "Ветчина по-черкизовски 500г Черкизово", "action_flag": 1, "change_message": "[{\"added\": {}}]"}}, {"model": "admin.logentry", "pk": 11, "fields": {"action_time": "2021-09-14T14:57:51.766Z", "user": 1, "content_type": 7, "object_id": "3", "object_repr": "Butter", "action_flag": 1, "change_message": "[{\"added\": {}}]"}}, {"model": "admin.logentry", "pk": 12, "fields": {"action_time": "2021-09-14T14:58:13.066Z", "user": 1, "content_type": 7, "object_id": "4", "object_repr": "Fish", "action_flag": 1, "change_message": "[{\"added\": {}}]"}}, {"model": "admin.logentry", "pk": 13, "fields": {"action_time": "2021-09-14T14:58:40.380Z", "user": 1, "content_type": 7, "object_id": "5", "object_repr": "Sour cream", "action_flag": 1, "change_message": "[{\"added\": {}}]"}}, {"model": "admin.logentry", "pk": 14, "fields": {"action_time": "2021-09-14T15:00:03.106Z", "user": 1, "content_type": 8, "object_id": "6", "object_repr": "Масло сладко-сливочное несоленое Брест-Литовск 82,5% 180г Савушкин продукт БЗМЖ", "action_flag": 1, "change_message": "[{\"added\": {}}]"}}, {"model": "admin.logentry", "pk": 15, "fields": {"action_time": "2021-09-14T15:00:38.834Z", "user": 1, "content_type": 8, "object_id": "7", "object_repr": "Сметана Першинское 15% п/стакан 330гр ТюменьМолоко БЗМЖ", "action_flag": 1, "change_message": "[{\"added\": {}}]"}}, {"model": "admin.logentry", "pk": 16, "fields": {"action_time": "2021-09-14T15:01:08.089Z", "user": 1, "content_type": 8, "object_id": "8", "object_repr": "ТЕРПУГ с\\м глазир.", "action_flag": 1, "change_message": "[{\"added\": {}}]"}}, {"model": "admin.logentry", "pk": 17, "fields": {"action_time": "2021-09-14T15:01:49.674Z", "user": 1, "content_type": 8, "object_id": "5", "object_repr": "Ветчина по-черкизовски 500г Черкизово", "action_flag": 2, "change_message": "[{\"changed\": {\"fields\": [\"Image\"]}}]"}}, {"model": "admin.logentry", "pk": 18, "fields": {"action_time": "2021-09-17T14:36:43.710Z", "user": 1, "content_type": 7, "object_id": "3", "object_repr": "Масло", "action_flag": 2, "change_message": "[{\"changed\": {\"fields\": [\"Name\"]}}]"}}, {"model": "admin.logentry", "pk": 19, "fields": {"action_time": "2021-09-17T14:36:50.611Z", "user": 1, "content_type": 7, "object_id": "4", "object_repr": "Рыба", "action_flag": 2, "change_message": "[{\"changed\": {\"fields\": [\"Name\"]}}]"}}, {"model": "admin.logentry", "pk": 20, "fields": {"action_time": "2021-09-17T14:37:03.247Z", "user": 1, "content_type": 7, "object_id": "2", "object_repr": "Колбаса", "action_flag": 2, "change_message": "[{\"changed\": {\"fields\": [\"Name\"]}}]"}}, {"model": "admin.logentry", "pk": 21, "fields": {"action_time": "2021-09-17T14:37:09.917Z", "user": 1, "content_type": 7, "object_id": "1", "object_repr": "Чай", "action_flag": 2, "change_message": "[{\"changed\": {\"fields\": [\"Name\"]}}]"}}, {"model": "admin.logentry", "pk": 22, "fields": {"action_time": "2021-09-17T14:37:19.416Z", "user": 1, "content_type": 7, "object_id": "5", "object_repr": "Сметана", "action_flag": 2, "change_message": "[{\"changed\": {\"fields\": [\"Name\"]}}]"}}, {"model": "admin.logentry", "pk": 23, "fields": {"action_time": "2021-09-18T10:17:07.077Z", "user": 1, "content_type": 4, "object_id": "1", "object_repr": "admin", "action_flag": 2, "change_message": "[{\"changed\": {\"fields\": [\"First name\", \"Last name\", \"Email address\", \"Last login\"]}}]"}}, {"model": "admin.logentry", "pk": 24, "fields": {"action_time": "2021-09-18T10:17:27.452Z", "user": 1, "content_type": 9, "object_id": "12", "object_repr": "Order 12", "action_flag": 3, "change_message": ""}}, {"model": "admin.logentry", "pk": 25, "fields": {"action_time": "2021-09-18T10:17:27.548Z", "user": 1, "content_type": 9, "object_id": "11", "object_repr": "Order 11", "action_flag": 3, "change_message": ""}}, {"model": "admin.logentry", "pk": 26, "fields": {"action_time": "2021-09-18T10:17:27.623Z", "user": 1, "content_type": 9, "object_id": "10", "object_repr": "Order 10", "action_flag": 3, "change_message": ""}}, {"model": "admin.logentry", "pk": 27, "fields": {"action_time": "2021-09-18T10:17:27.693Z", "user": 1, "content_type": 9, "object_id": "9", "object_repr": "Order 9", "action_flag": 3, "change_message": ""}}, {"model": "admin.logentry", "pk": 28, "fields": {"action_time": "2021-09-18T10:17:27.767Z", "user": 1, "content_type": 9, "object_id": "8", "object_repr": "Order 8", "action_flag": 3, "change_message": ""}}, {"model": "admin.logentry", "pk": 29, "fields": {"action_time": "2021-09-18T10:17:27.837Z", "user": 1, "content_type": 9, "object_id": "7", "object_repr": "Order 7", "action_flag": 3, "change_message": ""}}, {"model": "admin.logentry", "pk": 30, "fields": {"action_time": "2021-09-18T10:17:27.903Z", "user": 1, "content_type": 9, "object_id": "6", "object_repr": "Order 6", "action_flag": 3, "change_message": ""}}, {"model": "admin.logentry", "pk": 31, "fields": {"action_time": "2021-09-18T10:17:27.971Z", "user": 1, "content_type": 9, "object_id": "5", "object_repr": "Order 5", "action_flag": 3, "change_message": ""}}, {"model": "admin.logentry", "pk": 32, "fields": {"action_time": "2021-09-18T10:17:28.036Z", "user": 1, "content_type": 9, "object_id": "4", "object_repr": "Order 4", "action_flag": 3, "change_message": ""}}, {"model": "admin.logentry", "pk": 33, "fields": {"action_time": "2021-09-18T10:17:28.103Z", "user": 1, "content_type": 9, "object_id": "3", "object_repr": "Order 3", "action_flag": 3, "change_message": ""}}, {"model": "admin.logentry", "pk": 34, "fields": {"action_time": "2021-09-18T10:17:28.178Z", "user": 1, "content_type": 9, "object_id": "2", "object_repr": "Order 2", "action_flag": 3, "change_message": ""}}, {"model": "admin.logentry", "pk": 35, "fields": {"action_time": "2021-09-18T10:17:28.259Z", "user": 1, "content_type": 9, "object_id": "1", "object_repr": "Order 1", "action_flag": 3, "change_message": ""}}, {"model": "admin.logentry", "pk": 36, "fields": {"action_time": "2021-10-02T06:22:39.574Z", "user": 1, "content_type": 13, "object_id": "1", "object_repr": "teatime", "action_flag": 1, "change_message": "[{\"added\": {}}]"}}, {"model": "admin.logentry", "pk": 37, "fields": {"action_time": "2021-10-08T14:46:14.305Z", "user": 1, "content_type": 8, "object_id": "5", "object_repr": "Ветчина по-черкизовски 500г Черкизово", "action_flag": 2, "change_message": "[{\"changed\": {\"fields\": [\"Image\"]}}]"}}, {"model": "auth.permission", "pk": 1, "fields": {"name": "Can add log entry", "content_type": 1, "codename": "add_logentry"}}, {"model": "auth.permission", "pk": 2, "fields": {"name": "Can change log entry", "content_type": 1, "codename": "change_logentry"}}, {"model": "auth.permission", "pk": 3, "fields": {"name": "Can delete log entry", "content_type": 1, "codename": "delete_logentry"}}, {"model": "auth.permission", "pk": 4, "fields": {"name": "Can view log entry", "content_type": 1, "codename": "view_logentry"}}, {"model": "auth.permission", "pk": 5, "fields": {"name": "Can add permission", "content_type": 2, "codename": "add_permission"}}, {"model": "auth.permission", "pk": 6, "fields": {"name": "Can change permission", "content_type": 2, "codename": "change_permission"}}, {"model": "auth.permission", "pk": 7, "fields": {"name": "Can delete permission", "content_type": 2, "codename": "delete_permission"}}, {"model": "auth.permission", "pk": 8, "fields": {"name": "Can view permission", "content_type": 2, "codename": "view_permission"}}, {"model": "auth.permission", "pk": 9, "fields": {"name": "Can add group", "content_type": 3, "codename": "add_group"}}, {"model": "auth.permission", "pk": 10, "fields": {"name": "Can change group", "content_type": 3, "codename": "change_group"}}, {"model": "auth.permission", "pk": 11, "fields": {"name": "Can delete group", "content_type": 3, "codename": "delete_group"}}, {"model": "auth.permission", "pk": 12, "fields": {"name": "Can view group", "content_type": 3, "codename": "view_group"}}, {"model": "auth.permission", "pk": 13, "fields": {"name": "Can add user", "content_type": 4, "codename": "add_user"}}, {"model": "auth.permission", "pk": 14, "fields": {"name": "Can change user", "content_type": 4, "codename": "change_user"}}, {"model": "auth.permission", "pk": 15, "fields": {"name": "Can delete user", "content_type": 4, "codename": "delete_user"}}, {"model": "auth.permission", "pk": 16, "fields": {"name": "Can view user", "content_type": 4, "codename": "view_user"}}, {"model": "auth.permission", "pk": 17, "fields": {"name": "Can add content type", "content_type": 5, "codename": "add_contenttype"}}, {"model": "auth.permission", "pk": 18, "fields": {"name": "Can change content type", "content_type": 5, "codename": "change_contenttype"}}, {"model": "auth.permission", "pk": 19, "fields": {"name": "Can delete content type", "content_type": 5, "codename": "delete_contenttype"}}, {"model": "auth.permission", "pk": 20, "fields": {"name": "Can view content type", "content_type": 5, "codename": "view_contenttype"}}, {"model": "auth.permission", "pk": 21, "fields": {"name": "Can add session", "content_type": 6, "codename": "add_session"}}, {"model": "auth.permission", "pk": 22, "fields": {"name": "Can change session", "content_type": 6, "codename": "change_session"}}, {"model": "auth.permission", "pk": 23, "fields": {"name": "Can delete session", "content_type": 6, "codename": "delete_session"}}, {"model": "auth.permission", "pk": 24, "fields": {"name": "Can view session", "content_type": 6, "codename": "view_session"}}, {"model": "auth.permission", "pk": 25, "fields": {"name": "Can add category", "content_type": 7, "codename": "add_category"}}, {"model": "auth.permission", "pk": 26, "fields": {"name": "Can change category", "content_type": 7, "codename": "change_category"}}, {"model": "auth.permission", "pk": 27, "fields": {"name": "Can delete category", "content_type": 7, "codename": "delete_category"}}, {"model": "auth.permission", "pk": 28, "fields": {"name": "Can view category", "content_type": 7, "codename": "view_category"}}, {"model": "auth.permission", "pk": 29, "fields": {"name": "Can add product", "content_type": 8, "codename": "add_product"}}, {"model": "auth.permission", "pk": 30, "fields": {"name": "Can change product", "content_type": 8, "codename": "change_product"}}, {"model": "auth.permission", "pk": 31, "fields": {"name": "Can delete product", "content_type": 8, "codename": "delete_product"}}, {"model": "auth.permission", "pk": 32, "fields": {"name": "Can view product", "content_type": 8, "codename": "view_product"}}, {"model": "auth.permission", "pk": 33, "fields": {"name": "Can add order", "content_type": 9, "codename": "add_order"}}, {"model": "auth.permission", "pk": 34, "fields": {"name": "Can change order", "content_type": 9, "codename": "change_order"}}, {"model": "auth.permission", "pk": 35, "fields": {"name": "Can delete order", "content_type": 9, "codename": "delete_order"}}, {"model": "auth.permission", "pk": 36, "fields": {"name": "Can view order", "content_type": 9, "codename": "view_order"}}, {"model": "auth.permission", "pk": 37, "fields": {"name": "Can add order item", "content_type": 10, "codename": "add_orderitem"}}, {"model": "auth.permission", "pk": 38, "fields": {"name": "Can change order item", "content_type": 10, "codename": "change_orderitem"}}, {"model": "auth.permission", "pk": 39, "fields": {"name": "Can delete order item", "content_type": 10, "codename": "delete_orderitem"}}, {"model": "auth.permission", "pk": 40, "fields": {"name": "Can view order item", "content_type": 10, "codename": "view_orderitem"}}, {"model": "auth.permission", "pk": 41, "fields": {"name": "Can add comment", "content_type": 11, "codename": "add_comment"}}, {"model": "auth.permission", "pk": 42, "fields": {"name": "Can change comment", "content_type": 11, "codename": "change_comment"}}, {"model": "auth.permission", "pk": 43, "fields": {"name": "Can delete comment", "content_type": 11, "codename": "delete_comment"}}, {"model": "auth.permission", "pk": 44, "fields": {"name": "Can view comment", "content_type": 11, "codename": "view_comment"}}, {"model": "auth.permission", "pk": 45, "fields": {"name": "Can add courier order", "content_type": 12, "codename": "add_courierorder"}}, {"model": "auth.permission", "pk": 46, "fields": {"name": "Can change courier order", "content_type": 12, "codename": "change_courierorder"}}, {"model": "auth.permission", "pk": 47, "fields": {"name": "Can delete courier order", "content_type": 12, "codename": "delete_courierorder"}}, {"model": "auth.permission", "pk": 48, "fields": {"name": "Can view courier order", "content_type": 12, "codename": "view_courierorder"}}, {"model": "auth.permission", "pk": 49, "fields": {"name": "Can add coupon", "content_type": 13, "codename": "add_coupon"}}, {"model": "auth.permission", "pk": 50, "fields": {"name": "Can change coupon", "content_type": 13, "codename": "change_coupon"}}, {"model": "auth.permission", "pk": 51, "fields": {"name": "Can delete coupon", "content_type": 13, "codename": "delete_coupon"}}, {"model": "auth.permission", "pk": 52, "fields": {"name": "Can view coupon", "content_type": 13, "codename": "view_coupon"}}, {"model": "auth.user", "pk": 1, "fields": {"password": "pbkdf2_sha256$260000$spfGxtzjji5EsRsQRJP0VC$oeu/uE0v83Up2X98nm8iVK/1FGZSIiMwBeDdNdBjv80=", "last_login": "2021-10-10T07:40:35.554Z", "is_superuser": true, "username": "admin", "first_name": "admin", "last_name": "admin", "email": "1@mail.ru", "is_staff": true, "is_active": true, "date_joined": "2021-09-03T13:53:52Z", "groups": [], "user_permissions": []}}, {"model": "auth.user", "pk": 2, "fields": {"password": "pbkdf2_sha256$260000$0qUr94rqe1W0clQPvPX2uw$szHoWSAoXU96fDCfzBMNielFZhX+hi8Bm5Z4Biw/gCY=", "last_login": "2021-09-30T15:13:55.253Z", "is_superuser": false, "username": "Tails", "first_name": "Dmitiy", "last_name": "", "email": "128dima128@mail.ru", "is_staff": false, "is_active": true, "date_joined": "2021-09-11T10:28:51.343Z", "groups": [], "user_permissions": []}}, {"model": "auth.user", "pk": 3, "fields": {"password": "pbkdf2_sha256$260000$sg6nUHJ01eBCNDYZkqAhKi$URPH2EFJLz+i4LiuToBhWzFkxSHJgr/tM5PEhkRd88s=", "last_login": "2021-09-18T11:51:41.478Z", "is_superuser": false, "username": "DmitriyB", "first_name": "Дмитрий", "last_name": "", "email": "158@mail.ru", "is_staff": false, "is_active": true, "date_joined": "2021-09-18T11:50:25.506Z", "groups": [], "user_permissions": []}}, {"model": "contenttypes.contenttype", "pk": 1, "fields": {"app_label": "admin", "model": "logentry"}}, {"model": "contenttypes.contenttype", "pk": 2, "fields": {"app_label": "auth", "model": "permission"}}, {"model": "contenttypes.contenttype", "pk": 3, "fields": {"app_label": "auth", "model": "group"}}, {"model": "contenttypes.contenttype", "pk": 4, "fields": {"app_label": "auth", "model": "user"}}, {"model": "contenttypes.contenttype", "pk": 5, "fields": {"app_label": "contenttypes", "model": "contenttype"}}, {"model": "contenttypes.contenttype", "pk": 6, "fields": {"app_label": "sessions", "model": "session"}}, {"model": "contenttypes.contenttype", "pk": 7, "fields": {"app_label": "products", "model": "category"}}, {"model": "contenttypes.contenttype", "pk": 8, "fields": {"app_label": "products", "model": "product"}}, {"model": "contenttypes.contenttype", "pk": 9, "fields": {"app_label": "orders", "model": "order"}}, {"model": "contenttypes.contenttype", "pk": 10, "fields": {"app_label": "orders", "model": "orderitem"}}, {"model": "contenttypes.contenttype", "pk": 11, "fields": {"app_label": "products", "model": "comment"}}, {"model": "contenttypes.contenttype", "pk": 12, "fields": {"app_label": "couriers", "model": "courierorder"}}, {"model": "contenttypes.contenttype", "pk": 13, "fields": {"app_label": "coupons", "model": "coupon"}}, {"model": "sessions.session", "pk": "4lmfv2m4y5i9ooy2k7q32itoob2h4twg", "fields": {"session_data": ".eJxVjDsOg0AMBe_iOlrhtQkLZfqcARnbBJIIJD4V4u4JEg3tm5m3gcq0QLXtN6hlXbp6nX2qe4MKEC5bI_rx4QD2luE1Bh2HZeqbcCjhpHN4jubfx-leDjqZu39dUDKx6K0q3tlzwhRLp0i5J06Jc0YkzFosOONIZKWqtDGKcVNKobD_AA7nOoQ:1mZTTD:Yv5Uq-wDcHq94rXm8HtTsTK8CP2bElM8SoJSVCRdCq8", "expire_date": "2021-10-24T07:42:07.329Z"}}, {"model": "sessions.session", "pk": "8seg8xcxtexv6pioc336ahrmaf1oqma8", "fields": {"session_data": "eyJjYXJ0Ijp7fX0:1mWbWX:gVzq7iwIXgjoMtaNPH_S_lXFy-ST3HPA56tAtPlolaU", "expire_date": "2021-10-16T09:41:41.522Z"}}, {"model": "sessions.session", "pk": "b01ls3rqtwyz6xkgzkik1rqvn0vqrhez", "fields": {"session_data": "eyJjYXJ0Ijp7fX0:1mWb61:E4m8h8UbgCccYHvJYObRknuelzici9XgIcur-dtNT9o", "expire_date": "2021-10-16T09:14:17.443Z"}}, {"model": "sessions.session", "pk": "byn93jr6xgir4kten1ole8mx1aroox7m", "fields": {"session_data": "eyJjYXJ0Ijp7fX0:1mOiQE:n_F2phCXhP_GzAlOrQVaoeC5Hkka4wQWKpI2LE0uKWo", "expire_date": "2021-09-24T15:26:34.013Z"}}, {"model": "sessions.session", "pk": "d2f2wkf0ygrmgp1qdanki3kpuv71p02q", "fields": {"session_data": ".eJx1zD0SgjAQBeC7bO1k8iuB0t4zMMsmSNQJGkLhMNxdMtJQ2Gzx3vd2AcKUoVlAl_OeMeaQP9CIE7xSIA8NCM4Z57CeQP415kc20-Kch3aefGqDK2s4ZB3Sw8dSuDvG28hojDmFjhXC9nZi19H552W3hwcDTsO2rpR16KTvicRZe6OElbVXUhlvtbXaaCGU4L2oNNdSKVcTYS8lOt3VWBGsXyAjTnI:1mYrPi:9cXGaTNm2SLoDolVb2TZ2_UTEyuirPhlKo2z70PhpVM", "expire_date": "2021-10-22T15:03:58.610Z"}}, {"model": "sessions.session", "pk": "nymw5dgbfoqx6cbamh9w0f4nm389kq2c", "fields": {"session_data": "eyJjYXJ0Ijp7fX0:1mWb5I:zGwqRcdkWszhxgVaNze74URHsrAJdLdw0b-yspPPwTE", "expire_date": "2021-10-16T09:13:32.977Z"}}, {"model": "sessions.session", "pk": "o04r7hyux93ksyb2x99pknj6rhc69ckm", "fields": {"session_data": "eyJjYXJ0Ijp7IjMiOnsicXVhbnRpdHkiOjEsInByaWNlIjoiMjAwLjAwIn19fQ:1mWb80:-qEGWUNlJXFs2yYF0laZkvT7IRLOgDvHDh9haO94ehw", "expire_date": "2021-10-16T09:16:20.235Z"}}, {"model": "sessions.session", "pk": "t41kfcyi680hrooajtt4lo99uk2hs675", "fields": {"session_data": "eyJjYXJ0Ijp7fX0:1mWb5L:mGzaMZngynjIgKK6hpHDRRGCkpXN0lalVDr8Jj_CJYo", "expire_date": "2021-10-16T09:13:35.482Z"}}, {"model": "products.category", "pk": 1, "fields": {"name": "Чай", "slug": "tea"}}, {"model": "products.category", "pk": 2, "fields": {"name": "Колбаса", "slug": "sausage"}}, {"model": "products.category", "pk": 3, "fields": {"name": "Масло", "slug": "butter"}}, {"model": "products.category", "pk": 4, "fields": {"name": "Рыба", "slug": "fish"}}, {"model": "products.category", "pk": 5, "fields": {"name": "Сметана", "slug": "sour-cream"}}, {"model": "products.product", "pk": 1, "fields": {"category": 1, "name": "Чай зеленый Кертис Деликатэ манго Грин Ти к/у 20п", "slug": "chaj-zelenyj-kertis-delikate-mango-grin-ti-ku-20p", "image": "products/images/9e9570794125b9a1e2caa927365ac027_7g82f8b.jpg", "description": "", "price": "80.00", "available": true, "created": "2021-09-04T07:29:28.046Z", "updated": "2021-09-04T08:43:14.392Z"}}, {"model": "products.product", "pk": 2, "fields": {"category": 1, "name": "Иван-чай Майский с черным чаем и малиной к/у 25п", "slug": "ivan-chaj-majskij-s-chernym-chaem-i-malinoj-ku-25p", "image": "products/images/b4439c338447258a397984ae7697c273_drfEIup.jpg", "description": "", "price": "50.00", "available": true, "created": "2021-09-04T07:30:07.974Z", "updated": "2021-09-04T08:42:57.244Z"}}, {"model": "products.product", "pk": 3, "fields": {"category": 2, "name": "Колбаса Сервелат в/к ф/о 375г Мираторг", "slug": "kolbasa-servelat-vk-fo-375g-miratorg", "image": "products/images/30678eef8aa84149a2231063d8deb1e5_LD2YLz1.jpg", "description": "", "price": "200.00", "available": true, "created": "2021-09-04T07:31:05.018Z", "updated": "2021-09-04T08:43:08.476Z"}}, {"model": "products.product", "pk": 4, "fields": {"category": 2, "name": "Сосиски Молочные высокий стандарт п/а 600г МПК Атяшевский", "slug": "sosiski-molochnye-vysokij-standart-pa-600g-mpk-atyashevskij", "image": "products/images/02115e1a6c4ba6035adc8a7241623ae7.jpg", "description": "", "price": "100.00", "available": true, "created": "2021-09-04T08:08:11.614Z", "updated": "2021-09-04T08:08:11.614Z"}}, {"model": "products.product", "pk": 5, "fields": {"category": 2, "name": "Ветчина по-черкизовски 500г Черкизово", "slug": "vetchina-po-cherkizovski-500g-cherkizovo", "image": "products/images/fdb0ab30970fed10fb63d35e8fb1b600.jpg", "description": "aaaaaaaaaaaaaaaaa", "price": "151.00", "available": true, "created": "2021-09-14T14:56:06.613Z", "updated": "2021-10-08T14:46:14.297Z"}}, {"model": "products.product", "pk": 6, "fields": {"category": 3, "name": "Масло сладко-сливочное несоленое Брест-Литовск 82,5% 180г Савушкин продукт БЗМЖ", "slug": "maslo-sladko-slivochnoe-nesolenoe-brest-litovsk-825-180g-savushkin-produkt-bzmzh", "image": "products/images/b606c2861ac8ae75d2bfa015d1662490.jpg", "description": "", "price": "110.00", "available": true, "created": "2021-09-14T15:00:03.080Z", "updated": "2021-09-14T15:00:03.080Z"}}, {"model": "products.product", "pk": 7, "fields": {"category": 5, "name": "Сметана Першинское 15% п/стакан 330гр ТюменьМолоко БЗМЖ", "slug": "smetana-pershinskoe-15-pstakan-330gr-tyumenmoloko-bzmzh", "image": "products/images/24646aa5a7c8753ea3204facf90fe6b5.jpg", "description": "", "price": "50.00", "available": true, "created": "2021-09-14T15:00:38.832Z", "updated": "2021-09-14T15:00:38.832Z"}}, {"model": "products.product", "pk": 8, "fields": {"category": 4, "name": "ТЕРПУГ с\\м глазир.", "slug": "terpug-sm-glazir", "image": "products/images/c15f43fccdc4e19b1a66e777320dc5e5.jpg", "description": "", "price": "220.00", "available": true, "created": "2021-09-14T15:01:08.087Z", "updated": "2021-09-14T15:01:08.087Z"}}, {"model": "products.comment", "pk": 1, "fields": {"product": 2, "user": 1, "body": "Классный!", "created": "2021-09-12T09:41:32.811Z", "updated": "2021-09-12T09:41:32.811Z", "active": true}}, {"model": "orders.order", "pk": 13, "fields": {"user": 1, "first_name": "", "last_name": null, "email": "", "address": "Voroshilova 10", "city": "Tomsk", "created": "2021-09-18T10:19:50.110Z", "updated": "2021-09-25T11:37:04.225Z", "paid": false, "braintree_id": "", "completed": false, "delivering": false, "status": "delivering", "coupon": null, "discount": 0}}, {"model": "orders.order", "pk": 14, "fields": {"user": 3, "first_name": "", "last_name": null, "email": "", "address": "Ворошилова 15", "city": "Екатеринбург", "created": "2021-09-18T11:52:38.832Z", "updated": "2021-09-25T11:36:56.087Z", "paid": false, "braintree_id": "", "completed": false, "delivering": false, "status": "delivering", "coupon": null, "discount": 0}}, {"model": "orders.order", "pk": 15, "fields": {"user": 3, "first_name": "", "last_name": null, "email": "", "address": "Ворошилова 15", "city": "Томск", "created": "2021-09-18T13:41:56.414Z", "updated": "2021-09-21T16:46:07.663Z", "paid": false, "braintree_id": "", "completed": false, "delivering": false, "status": "completed", "coupon": null, "discount": 0}}, {"model": "orders.order", "pk": 16, "fields": {"user": 3, "first_name": "", "last_name": null, "email": "", "address": "Ворошилова 15", "city": "Томск", "created": "2021-09-18T13:48:38.853Z", "updated": "2021-09-18T13:48:38.853Z", "paid": false, "braintree_id": "", "completed": false, "delivering": false, "status": "not taken", "coupon": null, "discount": 0}}, {"model": "orders.order", "pk": 17, "fields": {"user": 3, "first_name": "", "last_name": null, "email": "", "address": "Ворошилова 15", "city": "Томск", "created": "2021-09-18T13:52:13.026Z", "updated": "2021-09-18T13:52:13.026Z", "paid": false, "braintree_id": "", "completed": false, "delivering": false, "status": "not taken", "coupon": null, "discount": 0}}, {"model": "orders.order", "pk": 18, "fields": {"user": 3, "first_name": "", "last_name": null, "email": "", "address": "Ворошилова 15", "city": "Томск", "created": "2021-09-18T13:56:22.781Z", "updated": "2021-09-21T16:46:08.599Z", "paid": false, "braintree_id": "", "completed": false, "delivering": false, "status": "completed", "coupon": null, "discount": 0}}, {"model": "orders.order", "pk": 19, "fields": {"user": 3, "first_name": "", "last_name": null, "email": "", "address": "Ворошилова 15", "city": "Томск", "created": "2021-09-18T13:57:35.061Z", "updated": "2021-09-18T13:57:35.061Z", "paid": false, "braintree_id": "", "completed": false, "delivering": false, "status": "not taken", "coupon": null, "discount": 0}}, {"model": "orders.order", "pk": 20, "fields": {"user": 1, "first_name": "admin", "last_name": null, "email": "1@mail.ru", "address": "Ворошилова 15", "city": "Екатеринбург", "created": "2021-09-18T15:06:17.035Z", "updated": "2021-09-27T13:55:18.075Z", "paid": false, "braintree_id": "", "completed": false, "delivering": false, "status": "delivering", "coupon": null, "discount": 0}}, {"model": "orders.order", "pk": 21, "fields": {"user": 2, "first_name": "Dmitiy", "last_name": null, "email": "128dima128@mail.ru", "address": "Voroshilova 10", "city": "Екатеринбург", "created": "2021-09-30T15:14:12.736Z", "updated": "2021-09-30T15:15:21.667Z", "paid": true, "braintree_id": "01bg0m1z", "completed": false, "delivering": false, "status": "not taken", "coupon": null, "discount": 0}}, {"model": "orders.order", "pk": 22, "fields": {"user": 1, "first_name": "admin", "last_name": null, "email": "1@mail.ru", "address": "Ворошилова 15", "city": "Томск", "created": "2021-10-02T06:27:15.073Z", "updated": "2021-10-02T06:27:15.073Z", "paid": false, "braintree_id": "", "completed": false, "delivering": false, "status": "not taken", "coupon": null, "discount": 0}}, {"model": "orders.orderitem", "pk": 14, "fields": {"order": 13, "product": 6, "price": "110.00", "quantity": 1}}, {"model": "orders.orderitem", "pk": 15, "fields": {"order": 13, "product": 4, "price": "100.00", "quantity": 2}}, {"model": "orders.orderitem", "pk": 16, "fields": {"order": 13, "product": 5, "price": "150.00", "quantity": 1}}, {"model": "orders.orderitem", "pk": 17, "fields": {"order": 14, "product": 7, "price": "50.00", "quantity": 3}}, {"model": "orders.orderitem", "pk": 18, "fields": {"order": 14, "product": 4, "price": "100.00", "quantity": 1}}, {"model": "orders.orderitem", "pk": 19, "fields": {"order": 14, "product": 1, "price": "80.00", "quantity": 1}}, {"model": "orders.orderitem", "pk": 20, "fields": {"order": 15, "product": 3, "price": "200.00", "quantity": 1}}, {"model": "orders.orderitem", "pk": 21, "fields": {"order": 17, "product": 3, "price": "200.00", "quantity": 1}}, {"model": "orders.orderitem", "pk": 22, "fields": {"order": 18, "product": 8, "price": "220.00", "quantity": 1}}, {"model": "orders.orderitem", "pk": 23, "fields": {"order": 19, "product": 7, "price": "50.00", "quantity": 1}}, {"model": "orders.orderitem", "pk": 24, "fields": {"order": 19, "product": 6, "price": "110.00", "quantity": 1}}, {"model": "orders.orderitem", "pk": 25, "fields": {"order": 20, "product": 5, "price": "150.00", "quantity": 7}}, {"model": "orders.orderitem", "pk": 26, "fields": {"order": 21, "product": 3, "price": "200.00", "quantity": 1}}, {"model": "orders.orderitem", "pk": 27, "fields": {"order": 21, "product": 6, "price": "110.00", "quantity": 1}}, {"model": "orders.orderitem", "pk": 28, "fields": {"order": 22, "product": 1, "price": "80.00", "quantity": 1}}, {"model": "couriers.courierorder", "pk": 1, "fields": {"user": 1, "order": 18}}, {"model": "couriers.courierorder", "pk": 2, "fields": {"user": 1, "order": 15}}, {"model": "couriers.courierorder", "pk": 3, "fields": {"user": 1, "order": 14}}, {"model": "couriers.courierorder", "pk": 4, "fields": {"user": 1, "order": 13}}, {"model": "couriers.courierorder", "pk": 5, "fields": {"user": 1, "order": 20}}, {"model": "coupons.coupon", "pk": 1, "fields": {"code": "teatime", "valid_from": "2021-10-01T06:22:21Z", "valid_to": "2021-10-30T06:22:26Z", "discount": 20, "active": true}}]